{"feat_mean": [9.55513179690115e-09, 4.743671411233663e-08, 0.0002638283767737448, 0.0037578903138637543, 0.38530468940734863], "feat_std": [1.7210062651429325e-05, 3.959219247917645e-05, 0.0004407497472129762, 0.2572123110294342, 0.486667275428772], "lookback": 120, "horizon": 30, "classify": true}