{"feat_mean": [-4.1731919253606975e-08, -2.023703018494416e-07, 0.20052139461040497, 0.007689821068197489, 0.4442460238933563], "feat_std": [1.2394786608638242e-05, 2.9044733310001902e-05, 0.11867526918649673, 0.33983010053634644, 0.49688175320625305], "lookback": 120, "horizon": 20, "classify": true}