{"feat_mean": [7.385213329769158e-09, 3.542255910815584e-08, 0.2036636918783188, 0.017643548548221588, 0.4043121635913849], "feat_std": [1.279718526348006e-05, 2.9509694286389276e-05, 0.11109282821416855, 0.30729496479034424, 0.49075847864151], "lookback": 120, "horizon": 30, "classify": true}